Patient	Gene	Variant	Timepoint 0	Timepoint 1	Timepoint 2	Timepoint 3
10010012	CARD11	NM_001324281.1:c.1019A>G	0.148			
10010012	CARD11	NM_001324281.1:c.1082A>G	0.028			
10010012	CARD11	NM_001324281.1:c.644A>C	0.009			
10010012	CREBBP	NM_004380.2:c.4045C>T			0.000	
10010012	EP300	NM_001429.3:c.2521A>C	0.009			
10010012	GNA13	NM_006572.5:c.473T>G	0.025			

10010014	BCL2	NM_000633.2:c.143T>G	0.044			
10010014	BCL2	NM_000633.2:c.19A>G	0.042			
10010014	BCL2	NM_000633.2:c.25T>G	0.040			
10010014	BCL2	NM_000633.2:c.261C>G	0.062			
10010014	BCL2	NM_000633.2:c.310T>C	0.078			
10010014	BCL2	NM_000633.2:c.31A>T	0.039			
10010014	BCL2	NM_000633.2:c.320G>T	0.094			
10010014	BCL2	NM_000633.2:c.392C>A	0.091	0.012		
10010014	BCL2	NM_000633.2:c.39G>C	0.037			
10010014	BCL2	NM_000633.2:c.400del			0.008	
10010014	BCL2	NM_000633.2:c.484G>A	0.094	0.013		
10010014	BCL2	NM_000633.2:c.495G>C	0.098	0.016		
10010014	BCL2	NM_000633.2:c.53A>T	0.034			
10010014	BCL2	NM_000633.2:c.91G>C	0.045			
10010014	BCL2	NM_000633.2:c.94G>A	0.045			
10010014	CARD11	NM_001324281.1:c.132del				0.020
10010014	CREBBP	NM_004380.2:c.4085del		0.010		
10010014	EP300	NM_001429.3:c.2521A>C			0.011	
10010014	ITPKB	NM_002221.3:c.1472C>G	0.157			
10010014	MYC	NM_002467.4:c.74G>C	0.036			
10010014	PIM1	NM_001243186.1:c.475C>T	0.049			
10010014	SGK1	NM_001143676.1:c.370A>C	0.119			
10010014	SOCS1	NM_003745.1:c.197G>A	0.173			
10010014	SOCS1	NM_003745.1:c.254G>A	0.200			
10010014	TNFRSF14	NM_003820.3:c.500dup	0.354			
10010014	TP53	NM_000546.5:c.524G>A		0.109	0.245	0.327
10010014	TP53	NM_000546.5:c.97-4_131del	0.042			

10460015	ITPKB	NM_002221.3:c.836G>A	0.059			
10460015	MYC	NM_002467.4:c.151C>T	0.069			
10460015	MYC	NM_002467.4:c.74G>T	0.074			
10460015	PIM1	NM_001243186.1:c.277C>G	0.071			
10460015	RYR2	NM_001035.2:c.6970C>A	0.055			
10460015	SGK1	NM_001143676.1:c.888C>A	0.054			
10460015	SOCS1	NM_003745.1:c.115C>T	0.063			
10460015	SOCS1	NM_003745.1:c.319_325del	0.031			
10460015	SOCS1	NM_003745.1:c.347G>A	0.054			
10460015	SOCS1	NM_003745.1:c.408C>G	0.048			
10460015	SOCS1	NM_003745.1:c.49G>C	0.048			

10090007	EP300	NM_001429.3:c.2521A>C				0.006

10090001	BCL2	NM_000633.2:c.403del	0.009	0.013		
10090001	CREBBP	NM_004380.2:c.4009del	0.010			
10090001	CREBBP	NM_004380.2:c.4055del	0.006			
10090001	TP53	NM_000546.5:c.746G>T	0.229			

10010024	B2M	NM_004048.2:c.346+2del	0.018			
10010024	CD79B	NM_001039933.2:c.231G>A	0.025			
10010024	CD79B	NM_001039933.2:c.407G>T	0.029			
10010024	EP300	NM_001429.3:c.2521A>C	0.009			0.009
10010024	IRF4	NM_002460.3:c.70C>G	0.041			
10010024	PIM1	NM_001243186.1:c.231C>G	0.040			
10010024	PIM1	NM_001243186.1:c.851T>G	0.010			
10010024	SOCS1	NM_003745.1:c.243G>A	0.038			
10010024	TNFAIP3	NM_006290.3:c.2251G>T	0.047			

10400005	BCL2	NM_000633.2:c.392C>T	0.007			
10400005	EP300	NM_001429.3:c.2521A>C	0.014	0.006		0.009
10400005	KMT2D	NM_003482.3:c.272G>A	0.024			
10400005	MFHAS1	NM_004225.2:c.1905dup		0.005		

10090013	B2M	NM_004048.2:c.68-2A>G	0.177			
10090013	EP300	NM_001429.3:c.2521A>C				0.015
10090013	KMT2D	NM_003482.3:c.6991_6992del	0.312			
10090013	NOTCH2	NM_024408.3:c.6973C>T	0.177			
10090013	RYR2	NM_001035.2:c.9129G>T	0.211			
10090013	SMARCA4	NM_001128844.1:c.3692C>T	0.141			

10010006	CIITA	NM_001286402.1:c.1259_1263dup	0.218			
10010006	EP300	NM_001429.3:c.2521A>C	0.007	0.007		
10010006	MYD88	NM_001172567.1:c.818T>C	0.244			
10010006	PIM1	NM_001243186.1:c.302C>T	0.062			
10010006	PIM1	NM_001243186.1:c.361G>A	0.089			
10010006	PIM1	NM_001243186.1:c.432C>G	0.085			
10010006	PIM1	NM_001243186.1:c.434C>G	0.085			
10010006	PIM1	NM_001243186.1:c.529G>A	0.036			
10010006	PIM1	NM_001243186.1:c.532C>T	0.246			
10010006	PIM1	NM_001243186.1:c.559G>C	0.008			
10010006	PIM1	NM_001243186.1:c.569G>C	0.147			
10010006	PIM1	NM_001243186.1:c.646C>T	0.147			
10010006	PIM1	NM_001243186.1:c.652C>T	0.147			
10010006	PIM1	NM_001243186.1:c.823C>T	0.127			
10010006	TP53	NM_000546.5:c.724T>G	0.328			

10090011	EP300	NM_001429.3:c.2521A>C			0.016	0.015
10090011	GNA13	NM_006572.5:c.665A>G	0.047			
10090011	MYD88	NM_001172567.1:c.656C>G	0.054			
10090011	SGK1	NM_001143676.1:c.428C>T	0.018			

10040020	BCL2	NM_000633.2:c.16A>G	0.427	0.058	0.086	
10040020	CREBBP	NM_004380.2:c.3955C>T	0.313	0.030	0.036	
10040020	EP300	NM_001429.3:c.2521A>C		0.007	0.005	
10040020	EZH2	NM_001203247.1:c.1922A>C	0.283	0.059	0.066	
10040020	GNA13	NM_006572.5:c.284G>A	0.012		0.010	
10040020	GNA13	NM_006572.5:c.665A>T	0.272	0.033	0.060	
10040020	GNA13	NM_006572.5:c.988T>G	0.344	0.039	0.062	
10040020	NOTCH1	NM_017617.4:c.2505del		0.015		
10040020	TNFRSF14	NM_003820.3:c.245C>T	0.044			

10460004	BCL2	NM_000633.2:c.92A>C	0.432	0.068		0.436
10460004	KMT2D	NM_003482.3:c.13040_13041del	0.217			
10460004	KMT2D	NM_003482.3:c.9872_9882del	0.223	0.028		0.285
10460004	STAT6	NM_003153.4:c.1256A>G	0.211	0.022		0.245
10460004	TP53	NM_000546.5:c.661_662insT	0.377	0.041		0.343

10440010	B2M	NM_004048.2:c.338T>G	0.421			
10440010	B2M	NM_004048.2:c.346+2T>A	0.409			
10440010	CARD11	NM_001324281.1:c.388T>A	0.126			
10440010	EP300	NM_001429.3:c.2521A>C		0.009		
10440010	MYD88	NM_001172567.1:c.656C>G	0.009			
10440010	MYD88	NM_001172567.1:c.719T>C	0.017			
10440010	SGK1	NM_001143676.1:c.362C>T	0.040			
10440010	SGK1	NM_001143676.1:c.373C>T	0.054			
10440010	SGK1	NM_001143676.1:c.380G>A	0.018			
10440010	SGK1	NM_001143676.1:c.407A>G	0.041			
10440010	SGK1	NM_001143676.1:c.428C>T	0.077			
10440010	SGK1	NM_001143676.1:c.803A>T	0.013			
10440010	SOCS1	NM_003745.1:c.4G>C	0.050			

